{"cameraMode":{"drawMode":0,"name":"Shaded","section":"Shading Mode"},"sceneLighting":true,"audioPlay":false,"sceneViewState":{"showFog":true,"showMaterialUpdate":false,"showSkybox":true,"showFlares":true,"showImageEffects":true,"showParticleSystems":true},"in2DMode":false,"pivot":{"x":-1.046030044555664,"y":-6.868124485015869,"z":8.528757095336914},"rotation":{"x":0.34821707010269167,"y":-0.18662182986736298,"z":0.07095557451248169,"w":0.9159150123596191},"size":37.97304916381836,"orthographic":false}